avg_feed_dau_7d,avg_likes_7d,avg_views_7d,avg_ctr_7d,avg_msg_dau_7d
19918.714285714286,149321.0,702679.2857142857,0.2119428571428571,2408.428571428572
